timestamp,src_mac,dst_mac,src_ip,dst_ip,protocol,src_port,dst_port,packet_size,flags,status,reason
2025-11-05 11:33:20.921,00:1A:2B:59:97:18,00:3C:4D:70:79:71,192.168.1.190,10.0.0.156,17,2221,5922,591,N/A,normal,
2025-11-05 11:33:21.023,00:1A:2B:45:97:30,00:3C:4D:99:83:24,192.168.1.248,10.0.0.201,6,20777,7252,1492,"ACK:1,SYN:0,FIN:0,RST:0",normal,
2025-11-05 11:33:21.126,00:1A:2B:73:31:12,00:3C:4D:34:21:59,192.168.1.46,10.0.0.149,17,51141,3740,562,N/A,normal,
2025-11-05 11:33:21.228,00:1A:2B:96:56:35,00:3C:4D:78:48:88,192.168.1.219,10.0.0.212,6,34903,7010,271,"ACK:1,SYN:0,FIN:0,RST:0",normal,
2025-11-05 11:33:21.331,00:1A:2B:97:26:35,00:3C:4D:62:56:20,192.168.1.124,10.0.0.6,6,22510,292,1413,"ACK:1,SYN:0,FIN:0,RST:0",normal,
2025-11-05 11:33:21.439,00:1A:2B:75:19:22,00:3C:4D:58:74:36,192.168.1.93,10.0.0.147,6,56206,6714,1050,"ACK:1,SYN:0,FIN:0,RST:0",normal,
2025-11-05 11:33:21.542,00:1A:2B:98:99:53,00:3C:4D:58:11:34,192.168.1.134,10.0.0.161,17,10368,3070,330,N/A,normal,
2025-11-05 11:33:21.644,00:1A:2B:23:23:44,00:3C:4D:97:80:38,192.168.1.101,10.0.0.41,6,5903,5287,372,"ACK:1,SYN:0,FIN:0,RST:0",normal,
2025-11-05 11:33:21.746,00:1A:2B:63:34:84,00:3C:4D:73:47:38,192.168.1.62,10.0.0.198,17,48762,7732,866,N/A,normal,
2025-11-05 11:33:21.849,00:1A:2B:24:52:20,00:3C:4D:67:13:53,192.168.1.107,10.0.0.166,17,18353,4671,1451,N/A,normal,
2025-11-05 11:33:21.952,00:1A:2B:64:72:91,00:3C:4D:76:67:16,192.168.1.110,10.0.0.216,17,23251,4028,831,N/A,normal,
2025-11-05 11:33:22.054,00:1A:2B:32:18:50,00:3C:4D:30:27:19,192.168.1.62,10.0.0.173,6,17769,7519,144,"ACK:1,SYN:0,FIN:0,RST:0",normal,
2025-11-05 11:33:22.156,00:1A:2B:98:84:50,00:3C:4D:22:35:73,192.168.1.104,10.0.0.4,17,17818,2178,554,N/A,normal,
2025-11-05 11:33:22.258,00:1A:2B:95:19:78,00:3C:4D:50:85:94,192.168.1.158,10.0.0.221,17,42829,3767,538,N/A,normal,
2025-11-05 11:33:22.360,00:1A:2B:26:23:52,00:3C:4D:89:78:64,192.168.1.105,10.0.0.104,17,12129,2841,867,N/A,normal,
2025-11-05 11:33:22.462,00:1A:2B:54:95:29,00:3C:4D:73:68:30,192.168.1.197,10.0.0.157,6,49223,6896,1444,"ACK:1,SYN:0,FIN:0,RST:0",normal,
2025-11-05 11:33:22.565,00:1A:2B:57:56:40,00:3C:4D:91:71:87,192.168.1.28,10.0.0.238,17,14138,4531,812,N/A,normal,
2025-11-05 11:33:22.667,00:1A:2B:12:62:22,00:3C:4D:69:54:21,192.168.1.56,10.0.0.149,17,21658,804,129,N/A,normal,
2025-11-05 11:33:22.769,00:1A:2B:99:33:28,00:3C:4D:32:59:10,192.168.1.48,10.0.0.184,6,44233,2768,72,"ACK:1,SYN:0,FIN:0,RST:0",normal,
2025-11-05 11:33:22.878,00:1A:2B:11:45:18,00:3C:4D:42:89:54,192.168.1.17,10.0.0.175,6,48894,5992,1149,"ACK:1,SYN:0,FIN:0,RST:0",normal,
2025-11-05 11:33:22.982,00:5E:6F:68:72:12,00:7G:8H:54:86:59,192.168.2.191,10.0.0.208,6,21375,6131,1100,"ACK:0,SYN:1,FIN:0,RST:0",blocked,Blacklisted source
2025-11-05 11:33:23.084,00:5E:6F:18:12:65,00:7G:8H:82:71:37,192.168.2.119,10.0.0.34,6,46108,7336,1449,"ACK:0,SYN:1,FIN:0,RST:0",blocked,Blacklisted source
2025-11-05 11:33:23.187,00:5E:6F:29:23:75,00:7G:8H:38:20:86,192.168.2.5,10.0.0.192,6,15115,3760,410,"ACK:0,SYN:1,FIN:0,RST:0",blocked,ML model detection
2025-11-05 11:33:23.290,00:5E:6F:95:44:28,00:7G:8H:68:82:90,192.168.2.45,10.0.0.149,6,19276,2392,614,"ACK:0,SYN:1,FIN:0,RST:0",blocked,ML model detection
2025-11-05 11:33:23.392,00:5E:6F:29:43:39,00:7G:8H:84:92:72,192.168.2.106,10.0.0.186,6,46255,5301,1162,"ACK:0,SYN:1,FIN:0,RST:0",blocked,ML model detection
2025-11-05 11:33:23.495,00:5E:6F:90:54:57,00:7G:8H:75:11:22,192.168.2.174,10.0.0.222,6,61126,4261,197,"ACK:0,SYN:1,FIN:0,RST:0",blocked,ML model detection
2025-11-05 11:33:23.597,00:5E:6F:63:73:20,00:7G:8H:90:87:46,192.168.2.193,10.0.0.249,6,58461,2522,1290,"ACK:0,SYN:1,FIN:0,RST:0",blocked,ML model detection
2025-11-05 11:33:23.699,00:5E:6F:24:92:54,00:7G:8H:92:96:51,192.168.2.74,10.0.0.96,6,65231,6005,432,"ACK:0,SYN:1,FIN:0,RST:0",blocked,ML model detection
2025-11-05 11:33:23.802,00:5E:6F:92:62:59,00:7G:8H:92:92:92,192.168.2.151,10.0.0.92,6,27660,660,412,"ACK:0,SYN:1,FIN:0,RST:0",blocked,ML model detection
2025-11-05 11:33:23.905,00:5E:6F:12:80:82,00:7G:8H:77:70:35,192.168.2.160,10.0.0.216,6,34408,5858,298,"ACK:0,SYN:1,FIN:0,RST:0",blocked,ML model detection
2025-11-05 11:33:33.101,00:1A:2B:29:35:91,00:3C:4D:83:63:65,192.168.1.96,10.0.0.210,17,8036,3802,485,N/A,normal,
2025-11-05 11:33:33.206,00:1A:2B:91:75:49,00:3C:4D:68:53:78,192.168.1.188,10.0.0.249,6,27995,5444,833,"ACK:1,SYN:0,FIN:0,RST:0",normal,
2025-11-05 11:33:33.309,00:1A:2B:17:40:64,00:3C:4D:63:94:71,192.168.1.38,10.0.0.144,6,58623,2683,122,"ACK:1,SYN:0,FIN:0,RST:0",normal,
2025-11-05 11:33:33.412,00:1A:2B:97:69:62,00:3C:4D:36:68:52,192.168.1.25,10.0.0.65,6,5851,4153,184,"ACK:1,SYN:0,FIN:0,RST:0",normal,
2025-11-05 11:33:33.515,00:1A:2B:80:93:65,00:3C:4D:32:93:98,192.168.1.38,10.0.0.16,17,24882,4756,1135,N/A,normal,
2025-11-05 11:33:33.618,00:1A:2B:51:84:32,00:3C:4D:10:94:63,192.168.1.177,10.0.0.88,17,49048,4559,573,N/A,normal,
2025-11-05 11:33:33.721,00:1A:2B:39:78:76,00:3C:4D:48:49:26,192.168.1.120,10.0.0.179,6,45067,7695,1489,"ACK:1,SYN:0,FIN:0,RST:0",normal,
2025-11-05 11:33:33.825,00:1A:2B:56:79:27,00:3C:4D:22:12:37,192.168.1.119,10.0.0.235,17,3489,5302,1351,N/A,normal,
2025-11-05 11:33:33.927,00:1A:2B:35:11:24,00:3C:4D:69:55:58,192.168.1.141,10.0.0.141,6,24387,3476,336,"ACK:1,SYN:0,FIN:0,RST:0",normal,
2025-11-05 11:33:34.030,00:1A:2B:87:79:74,00:3C:4D:27:24:29,192.168.1.247,10.0.0.144,6,27913,839,905,"ACK:1,SYN:0,FIN:0,RST:0",normal,
2025-11-05 11:33:34.133,00:1A:2B:20:17:56,00:3C:4D:16:21:60,192.168.1.30,10.0.0.160,17,34661,6683,1422,N/A,normal,
2025-11-05 11:33:34.236,00:1A:2B:97:96:35,00:3C:4D:73:31:62,192.168.1.22,10.0.0.221,17,27098,2449,934,N/A,normal,
2025-11-05 11:33:34.341,00:1A:2B:61:59:33,00:3C:4D:57:28:74,192.168.1.12,10.0.0.21,17,44065,5446,401,N/A,normal,
2025-11-05 11:33:34.444,00:1A:2B:41:98:39,00:3C:4D:63:56:48,192.168.1.181,10.0.0.186,6,9349,3839,1240,"ACK:1,SYN:0,FIN:0,RST:0",normal,
2025-11-05 11:33:34.546,00:1A:2B:74:84:62,00:3C:4D:35:47:24,192.168.1.164,10.0.0.13,17,33430,6809,924,N/A,normal,
2025-11-05 11:33:34.649,00:1A:2B:92:66:53,00:3C:4D:67:78:87,192.168.1.141,10.0.0.215,17,40524,3970,1399,N/A,normal,
2025-11-05 11:33:34.752,00:1A:2B:59:46:99,00:3C:4D:74:24:88,192.168.1.126,10.0.0.136,6,19268,3387,1108,"ACK:1,SYN:0,FIN:0,RST:0",normal,
2025-11-05 11:33:34.855,00:1A:2B:45:56:82,00:3C:4D:92:84:34,192.168.1.231,10.0.0.124,6,59377,5157,272,"ACK:1,SYN:0,FIN:0,RST:0",normal,
2025-11-05 11:33:34.959,00:1A:2B:44:76:26,00:3C:4D:29:66:26,192.168.1.84,10.0.0.243,17,11462,5354,1022,N/A,normal,
2025-11-05 11:33:35.061,00:1A:2B:89:25:96,00:3C:4D:80:56:52,192.168.1.103,10.0.0.7,17,36691,6862,647,N/A,normal,
2025-11-05 11:33:35.164,00:5E:6F:88:16:98,00:7G:8H:56:75:81,192.168.2.177,10.0.0.3,6,25734,5273,997,"ACK:0,SYN:1,FIN:0,RST:0",blocked,Blacklisted source
2025-11-05 11:33:35.267,00:5E:6F:21:73:92,00:7G:8H:44:58:12,192.168.2.151,10.0.0.221,6,11281,3807,499,"ACK:0,SYN:1,FIN:0,RST:0",blocked,Blacklisted source
2025-11-05 11:33:35.369,00:5E:6F:12:75:22,00:7G:8H:74:26:48,192.168.2.3,10.0.0.81,6,30544,7318,289,"ACK:0,SYN:1,FIN:0,RST:0",blocked,Flood attack detected
2025-11-05 11:33:35.472,00:5E:6F:69:39:31,00:7G:8H:80:48:79,192.168.2.202,10.0.0.55,6,32550,3719,1328,"ACK:0,SYN:1,FIN:0,RST:0",blocked,ML model detection
2025-11-05 11:33:35.574,00:5E:6F:88:24:77,00:7G:8H:29:15:54,192.168.2.171,10.0.0.210,6,46482,7227,822,"ACK:0,SYN:1,FIN:0,RST:0",blocked,Blacklisted source
2025-11-05 11:33:35.677,00:5E:6F:34:78:97,00:7G:8H:68:20:58,192.168.2.169,10.0.0.210,6,10116,3671,563,"ACK:0,SYN:1,FIN:0,RST:0",blocked,ML model detection
2025-11-05 11:33:35.780,00:5E:6F:56:19:23,00:7G:8H:19:68:57,192.168.2.208,10.0.0.252,6,17205,6507,380,"ACK:0,SYN:1,FIN:0,RST:0",blocked,ML model detection
2025-11-05 11:33:35.883,00:5E:6F:86:48:93,00:7G:8H:96:13:11,192.168.2.16,10.0.0.124,6,23060,5611,586,"ACK:0,SYN:1,FIN:0,RST:0",blocked,Flood attack detected
2025-11-05 11:33:35.987,00:5E:6F:57:80:60,00:7G:8H:76:31:57,192.168.2.94,10.0.0.222,6,32450,7467,203,"ACK:0,SYN:1,FIN:0,RST:0",blocked,Blacklisted source
2025-11-05 11:33:36.089,00:5E:6F:42:93:98,00:7G:8H:72:22:69,192.168.2.160,10.0.0.92,6,58810,4859,480,"ACK:0,SYN:1,FIN:0,RST:0",blocked,ML model detection
2025-11-05 11:34:24.777,00:1A:2B:25:46:32,00:3C:4D:32:26:69,192.168.1.111,10.0.0.218,17,24106,705,1366,N/A,normal,
2025-11-05 11:34:24.881,00:1A:2B:99:14:29,00:3C:4D:73:38:62,192.168.1.176,10.0.0.200,17,58465,2302,263,N/A,normal,
2025-11-05 11:34:24.984,00:1A:2B:59:16:36,00:3C:4D:20:93:34,192.168.1.118,10.0.0.55,17,46699,401,951,N/A,normal,
2025-11-05 11:34:25.087,00:1A:2B:84:77:90,00:3C:4D:98:34:14,192.168.1.175,10.0.0.117,17,63514,7769,1285,N/A,normal,
2025-11-05 11:34:25.189,00:1A:2B:72:16:43,00:3C:4D:28:32:56,192.168.1.122,10.0.0.72,17,5871,1108,806,N/A,normal,
2025-11-05 11:34:25.292,00:1A:2B:63:36:48,00:3C:4D:51:55:43,192.168.1.69,10.0.0.32,17,46492,3059,81,N/A,normal,
2025-11-05 11:34:25.394,00:1A:2B:42:15:33,00:3C:4D:96:70:47,192.168.1.16,10.0.0.151,6,47140,5772,674,"ACK:1,SYN:0,FIN:0,RST:0",normal,
2025-11-05 11:34:25.497,00:1A:2B:97:82:22,00:3C:4D:96:34:28,192.168.1.14,10.0.0.147,6,56659,5827,858,"ACK:1,SYN:0,FIN:0,RST:0",normal,
2025-11-05 11:34:25.601,00:1A:2B:63:13:79,00:3C:4D:30:20:83,192.168.1.104,10.0.0.186,6,57764,5852,1418,"ACK:1,SYN:0,FIN:0,RST:0",normal,
2025-11-05 11:34:25.703,00:1A:2B:89:81:32,00:3C:4D:21:96:81,192.168.1.182,10.0.0.174,6,55280,2501,215,"ACK:1,SYN:0,FIN:0,RST:0",normal,
2025-11-05 11:34:25.806,00:1A:2B:34:95:84,00:3C:4D:71:71:71,192.168.1.62,10.0.0.30,17,23562,7155,1418,N/A,normal,
2025-11-05 11:34:25.909,00:1A:2B:97:14:26,00:3C:4D:19:62:79,192.168.1.58,10.0.0.119,17,14418,2928,1334,N/A,normal,
2025-11-05 11:34:26.012,00:1A:2B:22:83:44,00:3C:4D:80:57:48,192.168.1.235,10.0.0.15,6,13562,4745,858,"ACK:1,SYN:0,FIN:0,RST:0",normal,
2025-11-05 11:34:26.115,00:1A:2B:70:52:67,00:3C:4D:43:17:18,192.168.1.91,10.0.0.93,17,28890,7984,709,N/A,normal,
2025-11-05 11:34:26.219,00:1A:2B:60:92:62,00:3C:4D:69:50:82,192.168.1.209,10.0.0.162,17,4855,6567,313,N/A,normal,
2025-11-05 11:34:26.323,00:1A:2B:23:54:49,00:3C:4D:14:35:36,192.168.1.88,10.0.0.10,6,3263,3690,879,"ACK:1,SYN:0,FIN:0,RST:0",normal,
2025-11-05 11:34:26.427,00:1A:2B:46:98:36,00:3C:4D:22:20:86,192.168.1.45,10.0.0.148,17,42879,5846,1047,N/A,normal,
2025-11-05 11:34:26.529,00:1A:2B:60:45:54,00:3C:4D:65:28:92,192.168.1.15,10.0.0.234,6,9640,6857,629,"ACK:1,SYN:0,FIN:0,RST:0",normal,
2025-11-05 11:34:26.633,00:1A:2B:71:95:79,00:3C:4D:45:95:37,192.168.1.151,10.0.0.175,6,7803,6540,346,"ACK:1,SYN:0,FIN:0,RST:0",normal,
2025-11-05 11:34:26.737,00:1A:2B:50:44:69,00:3C:4D:99:38:79,192.168.1.144,10.0.0.242,6,11966,7282,1033,"ACK:1,SYN:0,FIN:0,RST:0",normal,
2025-11-05 11:34:26.840,00:5E:6F:68:28:65,00:7G:8H:56:67:98,192.168.2.199,10.0.0.109,6,15255,1156,993,"ACK:0,SYN:1,FIN:0,RST:0",blocked,ML model detection
2025-11-05 11:34:26.944,00:5E:6F:89:34:16,00:7G:8H:10:80:82,192.168.2.97,10.0.0.69,6,24472,7583,373,"ACK:0,SYN:1,FIN:0,RST:0",blocked,Blacklisted source
2025-11-05 11:34:27.047,00:5E:6F:45:96:96,00:7G:8H:41:25:76,192.168.2.21,10.0.0.165,6,25788,7872,424,"ACK:0,SYN:1,FIN:0,RST:0",blocked,Flood attack detected
2025-11-05 11:34:27.150,00:5E:6F:65:51:81,00:7G:8H:88:81:11,192.168.2.249,10.0.0.25,6,25016,4608,798,"ACK:0,SYN:1,FIN:0,RST:0",blocked,Flood attack detected
2025-11-05 11:34:27.254,00:5E:6F:13:66:57,00:7G:8H:45:13:68,192.168.2.238,10.0.0.125,6,26754,4508,1087,"ACK:0,SYN:1,FIN:0,RST:0",blocked,ML model detection
2025-11-05 11:34:27.357,00:5E:6F:45:31:65,00:7G:8H:13:54:27,192.168.2.32,10.0.0.27,6,52241,6003,796,"ACK:0,SYN:1,FIN:0,RST:0",blocked,ML model detection
2025-11-05 11:34:27.460,00:5E:6F:84:40:75,00:7G:8H:74:12:59,192.168.2.132,10.0.0.21,6,37011,8002,568,"ACK:0,SYN:1,FIN:0,RST:0",blocked,Blacklisted source
2025-11-05 11:34:27.563,00:5E:6F:39:49:62,00:7G:8H:61:23:75,192.168.2.15,10.0.0.254,6,53894,7682,377,"ACK:0,SYN:1,FIN:0,RST:0",blocked,Flood attack detected
2025-11-05 11:34:27.667,00:5E:6F:26:73:27,00:7G:8H:28:97:43,192.168.2.21,10.0.0.169,6,59727,4929,414,"ACK:0,SYN:1,FIN:0,RST:0",blocked,Flood attack detected
2025-11-05 11:34:27.770,00:5E:6F:18:16:75,00:7G:8H:45:32:84,192.168.2.88,10.0.0.53,6,27189,4151,607,"ACK:0,SYN:1,FIN:0,RST:0",blocked,Blacklisted source
2025-11-05 11:35:43.512,00:1A:2B:74:63:44,00:3C:4D:71:97:87,192.168.1.152,10.0.0.115,17,64550,6759,783,N/A,normal,
2025-11-05 11:35:43.617,00:1A:2B:27:59:50,00:3C:4D:38:28:64,192.168.1.46,10.0.0.163,6,48954,1357,828,"ACK:1,SYN:0,FIN:0,RST:0",normal,
2025-11-05 11:35:43.720,00:1A:2B:90:91:47,00:3C:4D:55:39:53,192.168.1.135,10.0.0.70,17,26174,5596,823,N/A,normal,
2025-11-05 11:35:43.822,00:1A:2B:30:70:23,00:3C:4D:38:36:89,192.168.1.190,10.0.0.216,6,31138,6759,85,"ACK:1,SYN:0,FIN:0,RST:0",normal,
2025-11-05 11:35:43.924,00:1A:2B:89:31:88,00:3C:4D:44:14:75,192.168.1.120,10.0.0.101,6,51547,589,464,"ACK:1,SYN:0,FIN:0,RST:0",normal,
2025-11-05 11:35:44.026,00:1A:2B:62:15:37,00:3C:4D:38:72:42,192.168.1.109,10.0.0.108,17,12251,1273,1116,N/A,normal,
2025-11-05 11:35:44.128,00:1A:2B:59:79:62,00:3C:4D:22:21:97,192.168.1.79,10.0.0.111,6,64604,3465,204,"ACK:1,SYN:0,FIN:0,RST:0",normal,
2025-11-05 11:35:44.231,00:1A:2B:84:91:23,00:3C:4D:29:19:16,192.168.1.180,10.0.0.127,17,11185,6338,205,N/A,normal,
2025-11-05 11:35:44.333,00:1A:2B:59:19:10,00:3C:4D:28:70:21,192.168.1.115,10.0.0.93,6,47078,4178,218,"ACK:1,SYN:0,FIN:0,RST:0",normal,
2025-11-05 11:35:44.435,00:1A:2B:59:27:75,00:3C:4D:63:80:30,192.168.1.24,10.0.0.193,6,18742,8076,339,"ACK:1,SYN:0,FIN:0,RST:0",normal,
2025-11-05 11:35:44.537,00:1A:2B:83:42:82,00:3C:4D:91:80:97,192.168.1.184,10.0.0.234,17,41263,7636,553,N/A,normal,
2025-11-05 11:35:44.639,00:1A:2B:71:10:64,00:3C:4D:87:69:30,192.168.1.45,10.0.0.247,6,29443,7395,1051,"ACK:1,SYN:0,FIN:0,RST:0",normal,
2025-11-05 11:35:44.741,00:1A:2B:84:55:39,00:3C:4D:84:80:40,192.168.1.27,10.0.0.189,6,6754,3954,1027,"ACK:1,SYN:0,FIN:0,RST:0",normal,
2025-11-05 11:35:44.844,00:1A:2B:17:83:93,00:3C:4D:74:31:21,192.168.1.116,10.0.0.28,6,24044,6622,1044,"ACK:1,SYN:0,FIN:0,RST:0",normal,
2025-11-05 11:35:44.946,00:1A:2B:86:94:69,00:3C:4D:98:75:15,192.168.1.67,10.0.0.85,6,14738,6604,1354,"ACK:1,SYN:0,FIN:0,RST:0",normal,
2025-11-05 11:35:45.048,00:1A:2B:80:31:74,00:3C:4D:36:80:70,192.168.1.167,10.0.0.101,17,21792,4885,1027,N/A,normal,
2025-11-05 11:35:45.151,00:1A:2B:83:80:69,00:3C:4D:84:19:77,192.168.1.119,10.0.0.163,17,5318,4513,1189,N/A,normal,
2025-11-05 11:35:45.255,00:1A:2B:86:13:73,00:3C:4D:35:37:60,192.168.1.172,10.0.0.49,6,61930,7602,149,"ACK:1,SYN:0,FIN:0,RST:0",normal,
2025-11-05 11:35:45.358,00:1A:2B:47:83:82,00:3C:4D:24:54:49,192.168.1.22,10.0.0.124,17,50346,4982,911,N/A,normal,
2025-11-05 11:35:45.462,00:1A:2B:52:28:95,00:3C:4D:76:52:20,192.168.1.85,10.0.0.37,6,25235,7928,430,"ACK:1,SYN:0,FIN:0,RST:0",normal,
2025-11-05 11:35:45.566,00:5E:6F:32:50:20,00:7G:8H:70:57:66,192.168.2.184,10.0.0.232,6,55037,7994,593,"ACK:0,SYN:1,FIN:0,RST:0",blocked,Blacklisted source
2025-11-05 11:35:45.668,00:5E:6F:13:33:11,00:7G:8H:65:66:31,192.168.2.2,10.0.0.2,6,10731,6799,307,"ACK:0,SYN:1,FIN:0,RST:0",blocked,Blacklisted source
2025-11-05 11:35:45.775,00:5E:6F:82:60:60,00:7G:8H:45:74:20,192.168.2.182,10.0.0.44,6,25594,2938,124,"ACK:0,SYN:1,FIN:0,RST:0",blocked,ML model detection
2025-11-05 11:35:45.882,00:5E:6F:47:99:40,00:7G:8H:78:19:54,192.168.2.72,10.0.0.167,6,57443,7327,975,"ACK:0,SYN:1,FIN:0,RST:0",blocked,ML model detection
2025-11-05 11:35:45.985,00:5E:6F:47:41:84,00:7G:8H:72:65:19,192.168.2.33,10.0.0.15,6,10396,5234,560,"ACK:0,SYN:1,FIN:0,RST:0",blocked,ML model detection
2025-11-05 11:35:46.087,00:5E:6F:79:97:66,00:7G:8H:60:57:15,192.168.2.127,10.0.0.106,6,12469,3125,934,"ACK:0,SYN:1,FIN:0,RST:0",blocked,Flood attack detected
2025-11-05 11:35:46.191,00:5E:6F:93:53:65,00:7G:8H:28:82:85,192.168.2.111,10.0.0.10,6,38669,2300,1116,"ACK:0,SYN:1,FIN:0,RST:0",blocked,Blacklisted source
2025-11-05 11:35:46.295,00:5E:6F:74:59:18,00:7G:8H:13:13:78,192.168.2.131,10.0.0.19,6,15401,7463,1263,"ACK:0,SYN:1,FIN:0,RST:0",blocked,ML model detection
2025-11-05 11:35:46.397,00:5E:6F:61:93:75,00:7G:8H:36:18:48,192.168.2.230,10.0.0.130,6,14754,5921,1222,"ACK:0,SYN:1,FIN:0,RST:0",blocked,Blacklisted source
2025-11-05 11:35:46.501,00:5E:6F:44:31:40,00:7G:8H:82:87:95,192.168.2.200,10.0.0.244,6,59636,4911,1093,"ACK:0,SYN:1,FIN:0,RST:0",blocked,ML model detection
2025-11-05 11:59:59.502,N/A,N/A,127.0.0.1,127.0.0.1,TCP,53223,6653,0,N/A,normal,
2025-11-05 12:00:00.842,N/A,N/A,127.0.0.1,127.0.0.1,TCP,53226,6653,0,N/A,blocked,Source IP is blocked
2025-11-05 12:00:01.409,N/A,N/A,127.0.0.1,127.0.0.1,TCP,53227,6653,0,N/A,blocked,Source IP is blocked
2025-11-05 12:00:02.384,N/A,N/A,127.0.0.1,127.0.0.1,TCP,53230,6653,0,N/A,blocked,Source IP is blocked
2025-11-05 12:00:03.821,N/A,N/A,127.0.0.1,127.0.0.1,TCP,53234,6653,0,N/A,blocked,Source IP is blocked
2025-11-05 12:00:04.358,N/A,N/A,127.0.0.1,127.0.0.1,TCP,53235,6653,0,N/A,blocked,Source IP is blocked
2025-11-05 12:00:06.029,N/A,N/A,127.0.0.1,127.0.0.1,TCP,53236,6653,0,N/A,blocked,Source IP is blocked
2025-11-05 12:00:06.647,N/A,N/A,127.0.0.1,127.0.0.1,TCP,53237,6653,0,N/A,blocked,Source IP is blocked
2025-11-05 12:00:07.800,N/A,N/A,127.0.0.1,127.0.0.1,TCP,53238,6653,0,N/A,blocked,Source IP is blocked
2025-11-05 12:00:09.227,N/A,N/A,127.0.0.1,127.0.0.1,TCP,53240,6653,0,N/A,blocked,Source IP is blocked
2025-11-05 12:00:10.160,N/A,N/A,127.0.0.1,127.0.0.1,TCP,53242,6653,0,N/A,blocked,Source IP is blocked
2025-11-05 12:00:10.896,N/A,N/A,127.0.0.1,127.0.0.1,TCP,53243,6653,0,N/A,blocked,Source IP is blocked
2025-11-05 12:00:11.614,N/A,N/A,127.0.0.1,127.0.0.1,TCP,53244,6653,0,N/A,blocked,Source IP is blocked
2025-11-05 12:00:12.301,N/A,N/A,127.0.0.1,127.0.0.1,TCP,53246,6653,0,N/A,blocked,Source IP is blocked
2025-11-05 12:00:12.947,N/A,N/A,127.0.0.1,127.0.0.1,TCP,53247,6653,0,N/A,blocked,Source IP is blocked
2025-11-05 12:00:14.197,N/A,N/A,127.0.0.1,127.0.0.1,TCP,53249,6653,0,N/A,blocked,Source IP is blocked
2025-11-05 12:00:15.091,N/A,N/A,127.0.0.1,127.0.0.1,TCP,53250,6653,0,N/A,blocked,Source IP is blocked
2025-11-05 12:00:16.411,N/A,N/A,127.0.0.1,127.0.0.1,TCP,53251,6653,0,N/A,blocked,Source IP is blocked
2025-11-05 12:00:17.146,N/A,N/A,127.0.0.1,127.0.0.1,TCP,53252,6653,0,N/A,blocked,Source IP is blocked
2025-11-05 12:00:18.203,N/A,N/A,127.0.0.1,127.0.0.1,TCP,53253,6653,0,N/A,blocked,Source IP is blocked
2025-11-05 12:00:21.446,N/A,N/A,127.0.0.1,127.0.0.1,TCP,53255,6653,0,N/A,blocked,Source IP is blocked
2025-11-05 12:00:21.457,N/A,N/A,127.0.0.1,127.0.0.1,TCP,53256,6653,0,N/A,blocked,Source IP is blocked
2025-11-05 12:00:21.491,N/A,N/A,127.0.0.1,127.0.0.1,TCP,53257,6653,0,N/A,blocked,Source IP is blocked
2025-11-05 12:00:21.523,N/A,N/A,127.0.0.1,127.0.0.1,TCP,53258,6653,0,N/A,blocked,Source IP is blocked
2025-11-05 12:00:21.554,N/A,N/A,127.0.0.1,127.0.0.1,TCP,53259,6653,0,N/A,blocked,Source IP is blocked
2025-11-05 12:00:21.586,N/A,N/A,127.0.0.1,127.0.0.1,TCP,53260,6653,0,N/A,blocked,Source IP is blocked
2025-11-05 12:00:21.597,N/A,N/A,127.0.0.1,127.0.0.1,TCP,53261,6653,0,N/A,blocked,Source IP is blocked
2025-11-05 12:00:21.629,N/A,N/A,127.0.0.1,127.0.0.1,TCP,53262,6653,0,N/A,blocked,Source IP is blocked
2025-11-05 12:00:21.660,N/A,N/A,127.0.0.1,127.0.0.1,TCP,53263,6653,0,N/A,blocked,Source IP is blocked
2025-11-05 12:00:21.692,N/A,N/A,127.0.0.1,127.0.0.1,TCP,53265,6653,0,N/A,blocked,Source IP is blocked
2025-11-05 12:00:21.724,N/A,N/A,127.0.0.1,127.0.0.1,TCP,53266,6653,0,N/A,blocked,Source IP is blocked
2025-11-05 12:00:21.756,N/A,N/A,127.0.0.1,127.0.0.1,TCP,53267,6653,0,N/A,blocked,Source IP is blocked
2025-11-05 12:00:21.786,N/A,N/A,127.0.0.1,127.0.0.1,TCP,53268,6653,0,N/A,blocked,Source IP is blocked
2025-11-05 12:00:21.818,N/A,N/A,127.0.0.1,127.0.0.1,TCP,53269,6653,0,N/A,blocked,Source IP is blocked
2025-11-05 12:00:21.849,N/A,N/A,127.0.0.1,127.0.0.1,TCP,53270,6653,0,N/A,blocked,Source IP is blocked
2025-11-05 12:00:21.860,N/A,N/A,127.0.0.1,127.0.0.1,TCP,53271,6653,0,N/A,blocked,Source IP is blocked
2025-11-05 12:00:21.881,N/A,N/A,127.0.0.1,127.0.0.1,TCP,53272,6653,0,N/A,blocked,Source IP is blocked
2025-11-05 12:00:21.912,N/A,N/A,127.0.0.1,127.0.0.1,TCP,53273,6653,0,N/A,blocked,Source IP is blocked
2025-11-05 12:00:21.943,N/A,N/A,127.0.0.1,127.0.0.1,TCP,53274,6653,0,N/A,blocked,Source IP is blocked
2025-11-05 12:00:21.974,N/A,N/A,127.0.0.1,127.0.0.1,TCP,53275,6653,0,N/A,blocked,Source IP is blocked
2025-11-05 12:00:22.006,N/A,N/A,127.0.0.1,127.0.0.1,TCP,53276,6653,0,N/A,blocked,Source IP is blocked
2025-11-05 12:00:22.038,N/A,N/A,127.0.0.1,127.0.0.1,TCP,53277,6653,0,N/A,blocked,Source IP is blocked
2025-11-05 12:00:22.069,N/A,N/A,127.0.0.1,127.0.0.1,TCP,53278,6653,0,N/A,blocked,Source IP is blocked
2025-11-05 12:00:22.100,N/A,N/A,127.0.0.1,127.0.0.1,TCP,53279,6653,0,N/A,blocked,Source IP is blocked
2025-11-05 12:00:22.131,N/A,N/A,127.0.0.1,127.0.0.1,TCP,53280,6653,0,N/A,blocked,Source IP is blocked
2025-11-05 12:00:22.163,N/A,N/A,127.0.0.1,127.0.0.1,TCP,53281,6653,0,N/A,blocked,Source IP is blocked
2025-11-05 12:00:22.194,N/A,N/A,127.0.0.1,127.0.0.1,TCP,53282,6653,0,N/A,blocked,Source IP is blocked
2025-11-05 12:00:22.206,N/A,N/A,127.0.0.1,127.0.0.1,TCP,53283,6653,0,N/A,blocked,Source IP is blocked
2025-11-05 12:00:22.240,N/A,N/A,127.0.0.1,127.0.0.1,TCP,53284,6653,0,N/A,blocked,Source IP is blocked
2025-11-05 12:00:22.270,N/A,N/A,127.0.0.1,127.0.0.1,TCP,53285,6653,0,N/A,blocked,Source IP is blocked
2025-11-05 12:00:22.301,N/A,N/A,127.0.0.1,127.0.0.1,TCP,53286,6653,0,N/A,blocked,Source IP is blocked
2025-11-05 12:00:22.312,N/A,N/A,127.0.0.1,127.0.0.1,TCP,53287,6653,0,N/A,blocked,Source IP is blocked
2025-11-05 12:00:22.333,N/A,N/A,127.0.0.1,127.0.0.1,TCP,53288,6653,0,N/A,blocked,Source IP is blocked
2025-11-05 12:00:22.364,N/A,N/A,127.0.0.1,127.0.0.1,TCP,53289,6653,0,N/A,blocked,Source IP is blocked
2025-11-05 12:00:22.396,N/A,N/A,127.0.0.1,127.0.0.1,TCP,53290,6653,0,N/A,blocked,Source IP is blocked
2025-11-05 12:00:22.428,N/A,N/A,127.0.0.1,127.0.0.1,TCP,53291,6653,0,N/A,blocked,Source IP is blocked
2025-11-05 12:00:22.460,N/A,N/A,127.0.0.1,127.0.0.1,TCP,53292,6653,0,N/A,blocked,Source IP is blocked
2025-11-05 12:00:22.491,N/A,N/A,127.0.0.1,127.0.0.1,TCP,53293,6653,0,N/A,blocked,Source IP is blocked
2025-11-05 12:00:22.523,N/A,N/A,127.0.0.1,127.0.0.1,TCP,53294,6653,0,N/A,blocked,Source IP is blocked
2025-11-05 12:00:22.556,N/A,N/A,127.0.0.1,127.0.0.1,TCP,53295,6653,0,N/A,blocked,Source IP is blocked
2025-11-05 12:00:22.587,N/A,N/A,127.0.0.1,127.0.0.1,TCP,53296,6653,0,N/A,blocked,Source IP is blocked
2025-11-05 12:00:22.619,N/A,N/A,127.0.0.1,127.0.0.1,TCP,53297,6653,0,N/A,blocked,Source IP is blocked
2025-11-05 12:00:22.629,N/A,N/A,127.0.0.1,127.0.0.1,TCP,53298,6653,0,N/A,blocked,Source IP is blocked
2025-11-05 12:00:22.665,N/A,N/A,127.0.0.1,127.0.0.1,TCP,53299,6653,0,N/A,blocked,Source IP is blocked
2025-11-05 12:00:22.695,N/A,N/A,127.0.0.1,127.0.0.1,TCP,53300,6653,0,N/A,blocked,Source IP is blocked
2025-11-05 12:00:22.727,N/A,N/A,127.0.0.1,127.0.0.1,TCP,53301,6653,0,N/A,blocked,Source IP is blocked
2025-11-05 12:00:22.758,N/A,N/A,127.0.0.1,127.0.0.1,TCP,53302,6653,0,N/A,blocked,Source IP is blocked
2025-11-05 12:00:22.789,N/A,N/A,127.0.0.1,127.0.0.1,TCP,53303,6653,0,N/A,blocked,Source IP is blocked
2025-11-05 12:00:22.820,N/A,N/A,127.0.0.1,127.0.0.1,TCP,53304,6653,0,N/A,blocked,Source IP is blocked
2025-11-05 12:00:22.853,N/A,N/A,127.0.0.1,127.0.0.1,TCP,53305,6653,0,N/A,blocked,Source IP is blocked
2025-11-05 12:00:26.353,00:1A:2B:30:97:88,00:3C:4D:25:17:26,192.168.1.74,10.0.0.77,6,65465,315,871,"ACK:1,SYN:0,FIN:0,RST:0",normal,
2025-11-05 12:00:26.457,00:1A:2B:98:91:82,00:3C:4D:20:72:37,192.168.1.90,10.0.0.18,17,19474,7385,846,N/A,normal,
2025-11-05 12:00:26.560,00:1A:2B:99:70:28,00:3C:4D:45:87:85,192.168.1.147,10.0.0.167,17,32955,5028,443,N/A,normal,
2025-11-05 12:00:26.662,00:1A:2B:29:72:30,00:3C:4D:20:70:41,192.168.1.96,10.0.0.110,17,47335,2263,1073,N/A,normal,
2025-11-05 12:00:26.765,00:1A:2B:52:43:73,00:3C:4D:59:65:28,192.168.1.65,10.0.0.28,6,27986,869,1318,"ACK:1,SYN:0,FIN:0,RST:0",normal,
2025-11-05 12:00:26.867,00:1A:2B:73:16:84,00:3C:4D:15:50:89,192.168.1.103,10.0.0.197,17,47509,3965,360,N/A,normal,
2025-11-05 12:00:26.969,00:1A:2B:65:73:20,00:3C:4D:22:85:65,192.168.1.117,10.0.0.76,6,42139,187,1319,"ACK:1,SYN:0,FIN:0,RST:0",normal,
2025-11-05 12:00:27.071,00:1A:2B:42:84:70,00:3C:4D:84:82:23,192.168.1.74,10.0.0.147,6,55238,2049,299,"ACK:1,SYN:0,FIN:0,RST:0",normal,
2025-11-05 12:00:27.173,00:1A:2B:48:12:94,00:3C:4D:90:70:74,192.168.1.38,10.0.0.94,6,16391,2690,332,"ACK:1,SYN:0,FIN:0,RST:0",normal,
2025-11-05 12:00:27.275,00:1A:2B:25:57:95,00:3C:4D:73:57:47,192.168.1.91,10.0.0.27,6,41271,2078,880,"ACK:1,SYN:0,FIN:0,RST:0",normal,
2025-11-05 12:00:27.378,00:1A:2B:31:81:17,00:3C:4D:66:98:44,192.168.1.230,10.0.0.143,6,11994,5458,782,"ACK:1,SYN:0,FIN:0,RST:0",normal,
2025-11-05 12:00:27.480,00:1A:2B:17:99:50,00:3C:4D:81:56:83,192.168.1.194,10.0.0.125,17,33136,246,1175,N/A,normal,
2025-11-05 12:00:27.583,00:1A:2B:38:24:39,00:3C:4D:85:64:96,192.168.1.192,10.0.0.235,17,35351,3676,67,N/A,normal,
2025-11-05 12:00:27.685,00:1A:2B:35:13:21,00:3C:4D:93:85:38,192.168.1.101,10.0.0.107,6,56661,8016,237,"ACK:1,SYN:0,FIN:0,RST:0",normal,
2025-11-05 12:00:27.787,00:1A:2B:27:29:82,00:3C:4D:86:97:53,192.168.1.90,10.0.0.66,17,32560,6571,397,N/A,normal,
2025-11-05 12:00:27.890,00:1A:2B:12:53:92,00:3C:4D:95:44:57,192.168.1.31,10.0.0.229,17,26073,7400,1331,N/A,normal,
2025-11-05 12:00:27.992,00:1A:2B:95:12:26,00:3C:4D:56:29:30,192.168.1.136,10.0.0.41,6,16398,2818,1092,"ACK:1,SYN:0,FIN:0,RST:0",normal,
2025-11-05 12:00:28.094,00:1A:2B:70:12:32,00:3C:4D:60:79:18,192.168.1.90,10.0.0.225,6,36032,6708,1382,"ACK:1,SYN:0,FIN:0,RST:0",normal,
2025-11-05 12:00:28.196,00:1A:2B:63:11:44,00:3C:4D:43:55:10,192.168.1.138,10.0.0.103,17,1693,5255,912,N/A,normal,
2025-11-05 12:00:28.298,00:1A:2B:30:17:71,00:3C:4D:72:58:98,192.168.1.144,10.0.0.222,17,40461,6390,1040,N/A,normal,
2025-11-05 12:00:28.400,00:5E:6F:12:80:57,00:7G:8H:31:20:30,192.168.2.190,10.0.0.88,6,27887,188,736,"ACK:0,SYN:1,FIN:0,RST:0",blocked,ML model detection
2025-11-05 12:00:28.502,00:5E:6F:77:96:99,00:7G:8H:60:89:52,192.168.2.32,10.0.0.88,6,3100,858,856,"ACK:0,SYN:1,FIN:0,RST:0",blocked,ML model detection
2025-11-05 12:00:28.604,00:5E:6F:52:51:29,00:7G:8H:80:58:15,192.168.2.91,10.0.0.121,6,9809,8008,1282,"ACK:0,SYN:1,FIN:0,RST:0",blocked,Blacklisted source
2025-11-05 12:00:28.706,00:5E:6F:94:88:32,00:7G:8H:18:43:26,192.168.2.177,10.0.0.153,6,62033,7242,861,"ACK:0,SYN:1,FIN:0,RST:0",blocked,Flood attack detected
2025-11-05 12:00:28.809,00:5E:6F:90:21:79,00:7G:8H:60:65:45,192.168.2.218,10.0.0.27,6,9874,3713,158,"ACK:0,SYN:1,FIN:0,RST:0",blocked,Flood attack detected
2025-11-05 12:00:28.911,00:5E:6F:74:49:56,00:7G:8H:84:17:53,192.168.2.71,10.0.0.251,6,26527,4380,488,"ACK:0,SYN:1,FIN:0,RST:0",blocked,ML model detection
2025-11-05 12:00:29.013,00:5E:6F:26:95:49,00:7G:8H:84:57:92,192.168.2.192,10.0.0.53,6,8401,4115,67,"ACK:0,SYN:1,FIN:0,RST:0",blocked,Flood attack detected
2025-11-05 12:00:29.115,00:5E:6F:79:68:99,00:7G:8H:68:32:15,192.168.2.17,10.0.0.113,6,42897,1219,1416,"ACK:0,SYN:1,FIN:0,RST:0",blocked,Blacklisted source
2025-11-05 12:00:29.217,00:5E:6F:10:72:33,00:7G:8H:87:77:61,192.168.2.117,10.0.0.233,6,16757,6998,1150,"ACK:0,SYN:1,FIN:0,RST:0",blocked,Blacklisted source
2025-11-05 12:00:29.319,00:5E:6F:97:78:12,00:7G:8H:90:61:42,192.168.2.27,10.0.0.162,6,57432,1552,1328,"ACK:0,SYN:1,FIN:0,RST:0",blocked,Flood attack detected
2025-11-05 12:01:07.346,N/A,N/A,127.0.0.1,127.0.0.1,TCP,53347,6653,0,N/A,normal,
2025-11-05 12:01:07.928,N/A,N/A,127.0.0.1,127.0.0.1,TCP,53348,6653,0,N/A,blocked,Source IP is blocked
2025-11-05 12:01:09.334,N/A,N/A,127.0.0.1,127.0.0.1,TCP,53349,6653,0,N/A,blocked,Source IP is blocked
2025-11-05 12:01:09.962,N/A,N/A,127.0.0.1,127.0.0.1,TCP,53350,6653,0,N/A,blocked,Source IP is blocked
2025-11-05 12:01:10.992,N/A,N/A,127.0.0.1,127.0.0.1,TCP,53352,6653,0,N/A,blocked,Source IP is blocked
2025-11-05 12:01:12.407,N/A,N/A,127.0.0.1,127.0.0.1,TCP,53353,6653,0,N/A,blocked,Source IP is blocked
2025-11-05 12:01:13.281,N/A,N/A,127.0.0.1,127.0.0.1,TCP,53355,6653,0,N/A,blocked,Source IP is blocked
2025-11-05 12:01:14.636,N/A,N/A,127.0.0.1,127.0.0.1,TCP,53356,6653,0,N/A,blocked,Source IP is blocked
2025-11-05 12:01:16.479,N/A,N/A,127.0.0.1,127.0.0.1,TCP,53357,6653,0,N/A,blocked,Source IP is blocked
2025-11-05 12:01:17.092,N/A,N/A,127.0.0.1,127.0.0.1,TCP,53358,6653,0,N/A,blocked,Source IP is blocked
2025-11-05 12:01:18.942,N/A,N/A,127.0.0.1,127.0.0.1,TCP,53361,6653,0,N/A,blocked,Source IP is blocked
2025-11-05 12:01:20.205,N/A,N/A,127.0.0.1,127.0.0.1,TCP,53365,6653,0,N/A,blocked,Source IP is blocked
2025-11-05 12:01:20.842,N/A,N/A,127.0.0.1,127.0.0.1,TCP,53366,6653,0,N/A,blocked,Source IP is blocked
2025-11-05 12:01:22.644,N/A,N/A,127.0.0.1,127.0.0.1,TCP,53368,6653,0,N/A,blocked,Source IP is blocked
2025-11-05 12:01:24.599,N/A,N/A,127.0.0.1,127.0.0.1,TCP,53369,6653,0,N/A,blocked,Source IP is blocked
2025-11-05 12:01:25.838,N/A,N/A,127.0.0.1,127.0.0.1,TCP,53370,6653,0,N/A,blocked,Source IP is blocked
2025-11-05 12:01:26.424,N/A,N/A,127.0.0.1,127.0.0.1,TCP,53371,6653,0,N/A,blocked,Source IP is blocked
2025-11-05 12:01:28.425,N/A,N/A,127.0.0.1,127.0.0.1,TCP,53374,6653,0,N/A,blocked,Source IP is blocked
2025-11-05 12:01:29.401,N/A,N/A,127.0.0.1,127.0.0.1,TCP,53375,6653,0,N/A,blocked,Source IP is blocked
2025-11-05 12:01:30.372,N/A,N/A,127.0.0.1,127.0.0.1,TCP,53377,6653,0,N/A,blocked,Source IP is blocked
2025-11-05 12:01:33.115,N/A,N/A,127.0.0.1,127.0.0.1,TCP,53378,6653,0,N/A,blocked,Source IP is blocked
2025-11-05 12:01:33.137,N/A,N/A,127.0.0.1,127.0.0.1,TCP,53379,6653,0,N/A,blocked,Source IP is blocked
2025-11-05 12:01:33.168,N/A,N/A,127.0.0.1,127.0.0.1,TCP,53380,6653,0,N/A,blocked,Source IP is blocked
2025-11-05 12:01:33.178,N/A,N/A,127.0.0.1,127.0.0.1,TCP,53381,6653,0,N/A,blocked,Source IP is blocked
2025-11-05 12:01:33.214,N/A,N/A,127.0.0.1,127.0.0.1,TCP,53382,6653,0,N/A,blocked,Source IP is blocked
2025-11-05 12:01:33.246,N/A,N/A,127.0.0.1,127.0.0.1,TCP,53383,6653,0,N/A,blocked,Source IP is blocked
2025-11-05 12:01:33.277,N/A,N/A,127.0.0.1,127.0.0.1,TCP,53384,6653,0,N/A,blocked,Source IP is blocked
2025-11-05 12:01:33.307,N/A,N/A,127.0.0.1,127.0.0.1,TCP,53385,6653,0,N/A,blocked,Source IP is blocked
2025-11-05 12:01:33.340,N/A,N/A,127.0.0.1,127.0.0.1,TCP,53386,6653,0,N/A,blocked,Source IP is blocked
2025-11-05 12:01:33.350,N/A,N/A,127.0.0.1,127.0.0.1,TCP,53387,6653,0,N/A,blocked,Source IP is blocked
2025-11-05 12:01:33.386,N/A,N/A,127.0.0.1,127.0.0.1,TCP,53388,6653,0,N/A,blocked,Source IP is blocked
2025-11-05 12:01:33.398,N/A,N/A,127.0.0.1,127.0.0.1,TCP,53389,6653,0,N/A,blocked,Source IP is blocked
2025-11-05 12:01:33.432,N/A,N/A,127.0.0.1,127.0.0.1,TCP,53390,6653,0,N/A,blocked,Source IP is blocked
2025-11-05 12:01:33.464,N/A,N/A,127.0.0.1,127.0.0.1,TCP,53392,6653,0,N/A,blocked,Source IP is blocked
2025-11-05 12:01:33.496,N/A,N/A,127.0.0.1,127.0.0.1,TCP,53393,6653,0,N/A,blocked,Source IP is blocked
2025-11-05 12:01:33.525,N/A,N/A,127.0.0.1,127.0.0.1,TCP,53394,6653,0,N/A,blocked,Source IP is blocked
2025-11-05 12:01:33.555,N/A,N/A,127.0.0.1,127.0.0.1,TCP,53395,6653,0,N/A,blocked,Source IP is blocked
2025-11-05 12:01:33.586,N/A,N/A,127.0.0.1,127.0.0.1,TCP,53396,6653,0,N/A,blocked,Source IP is blocked
2025-11-05 12:01:33.616,N/A,N/A,127.0.0.1,127.0.0.1,TCP,53397,6653,0,N/A,blocked,Source IP is blocked
2025-11-05 12:01:33.646,N/A,N/A,127.0.0.1,127.0.0.1,TCP,53398,6653,0,N/A,blocked,Source IP is blocked
2025-11-05 12:01:33.678,N/A,N/A,127.0.0.1,127.0.0.1,TCP,53399,6653,0,N/A,blocked,Source IP is blocked
2025-11-05 12:01:33.709,N/A,N/A,127.0.0.1,127.0.0.1,TCP,53400,6653,0,N/A,blocked,Source IP is blocked
2025-11-05 12:01:33.739,N/A,N/A,127.0.0.1,127.0.0.1,TCP,53401,6653,0,N/A,blocked,Source IP is blocked
2025-11-05 12:01:33.770,N/A,N/A,127.0.0.1,127.0.0.1,TCP,53402,6653,0,N/A,blocked,Source IP is blocked
2025-11-05 12:01:33.801,N/A,N/A,127.0.0.1,127.0.0.1,TCP,53403,6653,0,N/A,blocked,Source IP is blocked
2025-11-05 12:01:33.832,N/A,N/A,127.0.0.1,127.0.0.1,TCP,53404,6653,0,N/A,blocked,Source IP is blocked
2025-11-05 12:01:33.862,N/A,N/A,127.0.0.1,127.0.0.1,TCP,53405,6653,0,N/A,blocked,Source IP is blocked
2025-11-05 12:01:33.894,N/A,N/A,127.0.0.1,127.0.0.1,TCP,53406,6653,0,N/A,blocked,Source IP is blocked
2025-11-05 12:01:33.925,N/A,N/A,127.0.0.1,127.0.0.1,TCP,53407,6653,0,N/A,blocked,Source IP is blocked
2025-11-05 12:01:33.957,N/A,N/A,127.0.0.1,127.0.0.1,TCP,53408,6653,0,N/A,blocked,Source IP is blocked
2025-11-05 12:01:33.986,N/A,N/A,127.0.0.1,127.0.0.1,TCP,53409,6653,0,N/A,blocked,Source IP is blocked
2025-11-05 12:01:34.019,N/A,N/A,127.0.0.1,127.0.0.1,TCP,53410,6653,0,N/A,blocked,Source IP is blocked
2025-11-05 12:01:34.050,N/A,N/A,127.0.0.1,127.0.0.1,TCP,53411,6653,0,N/A,blocked,Source IP is blocked
2025-11-05 12:01:34.060,N/A,N/A,127.0.0.1,127.0.0.1,TCP,53412,6653,0,N/A,blocked,Source IP is blocked
2025-11-05 12:01:34.096,N/A,N/A,127.0.0.1,127.0.0.1,TCP,53413,6653,0,N/A,blocked,Source IP is blocked
2025-11-05 12:01:34.107,N/A,N/A,127.0.0.1,127.0.0.1,TCP,53414,6653,0,N/A,blocked,Source IP is blocked
2025-11-05 12:01:34.143,N/A,N/A,127.0.0.1,127.0.0.1,TCP,53415,6653,0,N/A,blocked,Source IP is blocked
2025-11-05 12:01:34.173,N/A,N/A,127.0.0.1,127.0.0.1,TCP,53416,6653,0,N/A,blocked,Source IP is blocked
2025-11-05 12:01:34.205,N/A,N/A,127.0.0.1,127.0.0.1,TCP,53417,6653,0,N/A,blocked,Source IP is blocked
2025-11-05 12:01:34.236,N/A,N/A,127.0.0.1,127.0.0.1,TCP,53418,6653,0,N/A,blocked,Source IP is blocked
2025-11-05 12:01:34.267,N/A,N/A,127.0.0.1,127.0.0.1,TCP,53419,6653,0,N/A,blocked,Source IP is blocked
2025-11-05 12:01:34.298,N/A,N/A,127.0.0.1,127.0.0.1,TCP,53420,6653,0,N/A,blocked,Source IP is blocked
2025-11-05 12:01:34.328,N/A,N/A,127.0.0.1,127.0.0.1,TCP,53421,6653,0,N/A,blocked,Source IP is blocked
2025-11-05 12:01:34.359,N/A,N/A,127.0.0.1,127.0.0.1,TCP,53422,6653,0,N/A,blocked,Source IP is blocked
2025-11-05 12:01:34.391,N/A,N/A,127.0.0.1,127.0.0.1,TCP,53423,6653,0,N/A,blocked,Source IP is blocked
2025-11-05 12:01:34.421,N/A,N/A,127.0.0.1,127.0.0.1,TCP,53424,6653,0,N/A,blocked,Source IP is blocked
2025-11-05 12:01:34.454,N/A,N/A,127.0.0.1,127.0.0.1,TCP,53425,6653,0,N/A,blocked,Source IP is blocked
2025-11-05 12:01:34.484,N/A,N/A,127.0.0.1,127.0.0.1,TCP,53426,6653,0,N/A,blocked,Source IP is blocked
2025-11-05 12:01:34.515,N/A,N/A,127.0.0.1,127.0.0.1,TCP,53427,6653,0,N/A,blocked,Source IP is blocked
2025-11-05 12:01:34.546,N/A,N/A,127.0.0.1,127.0.0.1,TCP,53428,6653,0,N/A,blocked,Source IP is blocked
2025-11-07 14:19:33.562,N/A,N/A,127.0.0.1,127.0.0.1,TCP,58950,6653,0,N/A,normal,
2025-11-07 14:19:35.102,N/A,N/A,127.0.0.1,127.0.0.1,TCP,58951,6653,0,N/A,blocked,Source IP is blocked
2025-11-07 14:19:36.677,N/A,N/A,127.0.0.1,127.0.0.1,TCP,58953,6653,0,N/A,blocked,Source IP is blocked
2025-11-07 14:19:38.271,N/A,N/A,127.0.0.1,127.0.0.1,TCP,58954,6653,0,N/A,blocked,Source IP is blocked
2025-11-07 14:19:39.799,N/A,N/A,127.0.0.1,127.0.0.1,TCP,58957,6653,0,N/A,blocked,Source IP is blocked
2025-11-07 14:19:41.751,N/A,N/A,127.0.0.1,127.0.0.1,TCP,58958,6653,0,N/A,blocked,Source IP is blocked
2025-11-07 14:19:43.466,N/A,N/A,127.0.0.1,127.0.0.1,TCP,58960,6653,0,N/A,blocked,Source IP is blocked
2025-11-07 14:19:44.600,N/A,N/A,127.0.0.1,127.0.0.1,TCP,58961,6653,0,N/A,blocked,Source IP is blocked
2025-11-07 14:19:46.026,N/A,N/A,127.0.0.1,127.0.0.1,TCP,58962,6653,0,N/A,blocked,Source IP is blocked
2025-11-07 14:19:47.308,N/A,N/A,127.0.0.1,127.0.0.1,TCP,58963,6653,0,N/A,blocked,Source IP is blocked
2025-11-07 14:19:48.141,N/A,N/A,127.0.0.1,127.0.0.1,TCP,58964,6653,0,N/A,blocked,Source IP is blocked
2025-11-07 14:19:48.960,N/A,N/A,127.0.0.1,127.0.0.1,TCP,58965,6653,0,N/A,blocked,Source IP is blocked
2025-11-07 14:19:49.712,N/A,N/A,127.0.0.1,127.0.0.1,TCP,58966,6653,0,N/A,blocked,Source IP is blocked
2025-11-07 14:19:51.547,N/A,N/A,127.0.0.1,127.0.0.1,TCP,58967,6653,0,N/A,blocked,Source IP is blocked
2025-11-07 14:19:53.165,N/A,N/A,127.0.0.1,127.0.0.1,TCP,58968,6653,0,N/A,blocked,Source IP is blocked
2025-11-07 14:19:53.777,N/A,N/A,127.0.0.1,127.0.0.1,TCP,58969,6653,0,N/A,blocked,Source IP is blocked
2025-11-07 14:19:55.395,N/A,N/A,127.0.0.1,127.0.0.1,TCP,58971,6653,0,N/A,blocked,Source IP is blocked
2025-11-07 14:19:57.297,N/A,N/A,127.0.0.1,127.0.0.1,TCP,58972,6653,0,N/A,blocked,Source IP is blocked
2025-11-07 14:19:58.402,N/A,N/A,127.0.0.1,127.0.0.1,TCP,58973,6653,0,N/A,blocked,Source IP is blocked
2025-11-07 14:19:59.848,N/A,N/A,127.0.0.1,127.0.0.1,TCP,58974,6653,0,N/A,blocked,Source IP is blocked
2025-11-07 14:20:02.854,N/A,N/A,127.0.0.1,127.0.0.1,TCP,58975,6653,0,N/A,blocked,Source IP is blocked
2025-11-07 14:20:02.876,N/A,N/A,127.0.0.1,127.0.0.1,TCP,58976,6653,0,N/A,blocked,Source IP is blocked
2025-11-07 14:20:02.906,N/A,N/A,127.0.0.1,127.0.0.1,TCP,58977,6653,0,N/A,blocked,Source IP is blocked
2025-11-07 14:20:02.917,N/A,N/A,127.0.0.1,127.0.0.1,TCP,58978,6653,0,N/A,blocked,Source IP is blocked
2025-11-07 14:20:02.952,N/A,N/A,127.0.0.1,127.0.0.1,TCP,58979,6653,0,N/A,blocked,Source IP is blocked
2025-11-07 14:20:02.984,N/A,N/A,127.0.0.1,127.0.0.1,TCP,58980,6653,0,N/A,blocked,Source IP is blocked
2025-11-07 14:20:02.995,N/A,N/A,127.0.0.1,127.0.0.1,TCP,58981,6653,0,N/A,blocked,Source IP is blocked
2025-11-07 14:20:03.031,N/A,N/A,127.0.0.1,127.0.0.1,TCP,58982,6653,0,N/A,blocked,Source IP is blocked
2025-11-07 14:20:03.062,N/A,N/A,127.0.0.1,127.0.0.1,TCP,58983,6653,0,N/A,blocked,Source IP is blocked
2025-11-07 14:20:03.092,N/A,N/A,127.0.0.1,127.0.0.1,TCP,58984,6653,0,N/A,blocked,Source IP is blocked
2025-11-07 14:20:03.124,N/A,N/A,127.0.0.1,127.0.0.1,TCP,58985,6653,0,N/A,blocked,Source IP is blocked
2025-11-07 14:20:03.155,N/A,N/A,127.0.0.1,127.0.0.1,TCP,58986,6653,0,N/A,blocked,Source IP is blocked
2025-11-07 14:20:03.187,N/A,N/A,127.0.0.1,127.0.0.1,TCP,58987,6653,0,N/A,blocked,Source IP is blocked
2025-11-07 14:20:03.216,N/A,N/A,127.0.0.1,127.0.0.1,TCP,58988,6653,0,N/A,blocked,Source IP is blocked
2025-11-07 14:20:03.248,N/A,N/A,127.0.0.1,127.0.0.1,TCP,58989,6653,0,N/A,blocked,Source IP is blocked
2025-11-07 14:20:03.279,N/A,N/A,127.0.0.1,127.0.0.1,TCP,58990,6653,0,N/A,blocked,Source IP is blocked
2025-11-07 14:20:03.310,N/A,N/A,127.0.0.1,127.0.0.1,TCP,58991,6653,0,N/A,blocked,Source IP is blocked
2025-11-07 14:20:03.342,N/A,N/A,127.0.0.1,127.0.0.1,TCP,58992,6653,0,N/A,blocked,Source IP is blocked
2025-11-07 14:20:03.372,N/A,N/A,127.0.0.1,127.0.0.1,TCP,58993,6653,0,N/A,blocked,Source IP is blocked
2025-11-07 14:20:03.404,N/A,N/A,127.0.0.1,127.0.0.1,TCP,58994,6653,0,N/A,blocked,Source IP is blocked
2025-11-07 14:20:03.434,N/A,N/A,127.0.0.1,127.0.0.1,TCP,58995,6653,0,N/A,blocked,Source IP is blocked
2025-11-07 14:20:03.465,N/A,N/A,127.0.0.1,127.0.0.1,TCP,58996,6653,0,N/A,blocked,Source IP is blocked
2025-11-07 14:20:03.496,N/A,N/A,127.0.0.1,127.0.0.1,TCP,58997,6653,0,N/A,blocked,Source IP is blocked
2025-11-07 14:20:03.528,N/A,N/A,127.0.0.1,127.0.0.1,TCP,58998,6653,0,N/A,blocked,Source IP is blocked
2025-11-07 14:20:03.560,N/A,N/A,127.0.0.1,127.0.0.1,TCP,58999,6653,0,N/A,blocked,Source IP is blocked
2025-11-07 14:20:03.591,N/A,N/A,127.0.0.1,127.0.0.1,TCP,59000,6653,0,N/A,blocked,Source IP is blocked
2025-11-07 14:20:03.624,N/A,N/A,127.0.0.1,127.0.0.1,TCP,59001,6653,0,N/A,blocked,Source IP is blocked
2025-11-07 14:20:03.654,N/A,N/A,127.0.0.1,127.0.0.1,TCP,59002,6653,0,N/A,blocked,Source IP is blocked
2025-11-07 14:20:03.686,N/A,N/A,127.0.0.1,127.0.0.1,TCP,59003,6653,0,N/A,blocked,Source IP is blocked
2025-11-07 14:20:03.718,N/A,N/A,127.0.0.1,127.0.0.1,TCP,59004,6653,0,N/A,blocked,Source IP is blocked
2025-11-07 14:20:03.749,N/A,N/A,127.0.0.1,127.0.0.1,TCP,59005,6653,0,N/A,blocked,Source IP is blocked
2025-11-07 14:20:03.784,N/A,N/A,127.0.0.1,127.0.0.1,TCP,59006,6653,0,N/A,blocked,Source IP is blocked
2025-11-07 14:20:03.794,N/A,N/A,127.0.0.1,127.0.0.1,TCP,59007,6653,0,N/A,blocked,Source IP is blocked
2025-11-07 14:20:03.805,N/A,N/A,127.0.0.1,127.0.0.1,TCP,59008,6653,0,N/A,blocked,Source IP is blocked
2025-11-07 14:20:03.826,N/A,N/A,127.0.0.1,127.0.0.1,TCP,59009,6653,0,N/A,blocked,Source IP is blocked
2025-11-07 14:20:03.837,N/A,N/A,127.0.0.1,127.0.0.1,TCP,59010,6653,0,N/A,blocked,Source IP is blocked
2025-11-07 14:20:03.858,N/A,N/A,127.0.0.1,127.0.0.1,TCP,59011,6653,0,N/A,blocked,Source IP is blocked
2025-11-07 14:20:03.869,N/A,N/A,127.0.0.1,127.0.0.1,TCP,59012,6653,0,N/A,blocked,Source IP is blocked
2025-11-07 14:20:03.890,N/A,N/A,127.0.0.1,127.0.0.1,TCP,59013,6653,0,N/A,blocked,Source IP is blocked
2025-11-07 14:20:03.922,N/A,N/A,127.0.0.1,127.0.0.1,TCP,59014,6653,0,N/A,blocked,Source IP is blocked
2025-11-07 14:20:03.933,N/A,N/A,127.0.0.1,127.0.0.1,TCP,59015,6653,0,N/A,blocked,Source IP is blocked
2025-11-07 14:20:03.968,N/A,N/A,127.0.0.1,127.0.0.1,TCP,59016,6653,0,N/A,blocked,Source IP is blocked
2025-11-07 14:20:03.998,N/A,N/A,127.0.0.1,127.0.0.1,TCP,59017,6653,0,N/A,blocked,Source IP is blocked
2025-11-07 14:20:04.030,N/A,N/A,127.0.0.1,127.0.0.1,TCP,59018,6653,0,N/A,blocked,Source IP is blocked
2025-11-07 14:20:04.061,N/A,N/A,127.0.0.1,127.0.0.1,TCP,59019,6653,0,N/A,blocked,Source IP is blocked
2025-11-07 14:20:04.092,N/A,N/A,127.0.0.1,127.0.0.1,TCP,59020,6653,0,N/A,blocked,Source IP is blocked
2025-11-07 14:20:04.124,N/A,N/A,127.0.0.1,127.0.0.1,TCP,59021,6653,0,N/A,blocked,Source IP is blocked
2025-11-07 14:20:04.156,N/A,N/A,127.0.0.1,127.0.0.1,TCP,59022,6653,0,N/A,blocked,Source IP is blocked
2025-11-07 14:20:04.187,N/A,N/A,127.0.0.1,127.0.0.1,TCP,59023,6653,0,N/A,blocked,Source IP is blocked
2025-11-07 14:20:04.219,N/A,N/A,127.0.0.1,127.0.0.1,TCP,59024,6653,0,N/A,blocked,Source IP is blocked
2025-11-07 14:20:48.411,N/A,N/A,127.0.0.1,127.0.0.1,TCP,59031,6653,0,N/A,blocked,Source IP is blocked
2025-11-07 14:20:49.405,N/A,N/A,127.0.0.1,127.0.0.1,TCP,59032,6653,0,N/A,blocked,Source IP is blocked
2025-11-07 14:20:50.445,N/A,N/A,127.0.0.1,127.0.0.1,TCP,59034,6653,0,N/A,blocked,Source IP is blocked
2025-11-07 14:20:52.142,N/A,N/A,127.0.0.1,127.0.0.1,TCP,59035,6653,0,N/A,blocked,Source IP is blocked
2025-11-07 14:20:53.400,N/A,N/A,127.0.0.1,127.0.0.1,TCP,59036,6653,0,N/A,blocked,Source IP is blocked
2025-11-07 14:20:55.228,N/A,N/A,127.0.0.1,127.0.0.1,TCP,59037,6653,0,N/A,blocked,Source IP is blocked
2025-11-07 14:20:57.196,N/A,N/A,127.0.0.1,127.0.0.1,TCP,59038,6653,0,N/A,blocked,Source IP is blocked
2025-11-07 14:20:58.836,N/A,N/A,127.0.0.1,127.0.0.1,TCP,59039,6653,0,N/A,blocked,Source IP is blocked
2025-11-07 14:20:59.949,N/A,N/A,127.0.0.1,127.0.0.1,TCP,59040,6653,0,N/A,blocked,Source IP is blocked
2025-11-07 14:21:00.563,N/A,N/A,127.0.0.1,127.0.0.1,TCP,59041,6653,0,N/A,blocked,Source IP is blocked
2025-11-07 14:21:02.567,N/A,N/A,127.0.0.1,127.0.0.1,TCP,59042,6653,0,N/A,blocked,Source IP is blocked
2025-11-07 14:21:03.292,N/A,N/A,127.0.0.1,127.0.0.1,TCP,59043,6653,0,N/A,blocked,Source IP is blocked
2025-11-07 14:21:04.912,N/A,N/A,127.0.0.1,127.0.0.1,TCP,59044,6653,0,N/A,blocked,Source IP is blocked
2025-11-07 14:21:06.801,N/A,N/A,127.0.0.1,127.0.0.1,TCP,59045,6653,0,N/A,blocked,Source IP is blocked
2025-11-07 14:21:08.740,N/A,N/A,127.0.0.1,127.0.0.1,TCP,59046,6653,0,N/A,blocked,Source IP is blocked
2025-11-07 14:21:09.302,N/A,N/A,127.0.0.1,127.0.0.1,TCP,59047,6653,0,N/A,blocked,Source IP is blocked
2025-11-07 14:21:10.547,N/A,N/A,127.0.0.1,127.0.0.1,TCP,59049,6653,0,N/A,blocked,Source IP is blocked
2025-11-07 14:21:11.300,N/A,N/A,127.0.0.1,127.0.0.1,TCP,59050,6653,0,N/A,blocked,Source IP is blocked
2025-11-07 14:21:12.860,N/A,N/A,127.0.0.1,127.0.0.1,TCP,59052,6653,0,N/A,blocked,Source IP is blocked
2025-11-07 14:21:14.216,N/A,N/A,127.0.0.1,127.0.0.1,TCP,59053,6653,0,N/A,blocked,Source IP is blocked
2025-11-07 14:21:16.910,N/A,N/A,127.0.0.1,127.0.0.1,TCP,59054,6653,0,N/A,blocked,Source IP is blocked
2025-11-07 14:21:16.921,N/A,N/A,127.0.0.1,127.0.0.1,TCP,59055,6653,0,N/A,blocked,Source IP is blocked
2025-11-07 14:21:16.951,N/A,N/A,127.0.0.1,127.0.0.1,TCP,59056,6653,0,N/A,blocked,Source IP is blocked
2025-11-07 14:21:16.982,N/A,N/A,127.0.0.1,127.0.0.1,TCP,59057,6653,0,N/A,blocked,Source IP is blocked
2025-11-07 14:21:17.012,N/A,N/A,127.0.0.1,127.0.0.1,TCP,59058,6653,0,N/A,blocked,Source IP is blocked
2025-11-07 14:21:17.022,N/A,N/A,127.0.0.1,127.0.0.1,TCP,59059,6653,0,N/A,blocked,Source IP is blocked
2025-11-07 14:21:17.033,N/A,N/A,127.0.0.1,127.0.0.1,TCP,59060,6653,0,N/A,blocked,Source IP is blocked
2025-11-07 14:21:17.045,N/A,N/A,127.0.0.1,127.0.0.1,TCP,59061,6653,0,N/A,blocked,Source IP is blocked
2025-11-07 14:21:17.076,N/A,N/A,127.0.0.1,127.0.0.1,TCP,59062,6653,0,N/A,blocked,Source IP is blocked
2025-11-07 14:21:17.106,N/A,N/A,127.0.0.1,127.0.0.1,TCP,59063,6653,0,N/A,blocked,Source IP is blocked
2025-11-07 14:21:17.138,N/A,N/A,127.0.0.1,127.0.0.1,TCP,59064,6653,0,N/A,blocked,Source IP is blocked
2025-11-07 14:21:17.169,N/A,N/A,127.0.0.1,127.0.0.1,TCP,59065,6653,0,N/A,blocked,Source IP is blocked
2025-11-07 14:21:17.199,N/A,N/A,127.0.0.1,127.0.0.1,TCP,59066,6653,0,N/A,blocked,Source IP is blocked
2025-11-07 14:21:17.230,N/A,N/A,127.0.0.1,127.0.0.1,TCP,59067,6653,0,N/A,blocked,Source IP is blocked
2025-11-07 14:21:17.261,N/A,N/A,127.0.0.1,127.0.0.1,TCP,59068,6653,0,N/A,blocked,Source IP is blocked
2025-11-07 14:21:17.294,N/A,N/A,127.0.0.1,127.0.0.1,TCP,59069,6653,0,N/A,blocked,Source IP is blocked
2025-11-07 14:21:17.325,N/A,N/A,127.0.0.1,127.0.0.1,TCP,59070,6653,0,N/A,blocked,Source IP is blocked
2025-11-07 14:21:17.358,N/A,N/A,127.0.0.1,127.0.0.1,TCP,59071,6653,0,N/A,blocked,Source IP is blocked
2025-11-07 14:21:17.388,N/A,N/A,127.0.0.1,127.0.0.1,TCP,59072,6653,0,N/A,blocked,Source IP is blocked
2025-11-07 14:21:17.420,N/A,N/A,127.0.0.1,127.0.0.1,TCP,59073,6653,0,N/A,blocked,Source IP is blocked
2025-11-07 14:21:17.450,N/A,N/A,127.0.0.1,127.0.0.1,TCP,59074,6653,0,N/A,blocked,Source IP is blocked
2025-11-07 14:21:17.482,N/A,N/A,127.0.0.1,127.0.0.1,TCP,59075,6653,0,N/A,blocked,Source IP is blocked
2025-11-07 14:21:17.514,N/A,N/A,127.0.0.1,127.0.0.1,TCP,59076,6653,0,N/A,blocked,Source IP is blocked
2025-11-07 14:21:17.543,N/A,N/A,127.0.0.1,127.0.0.1,TCP,59077,6653,0,N/A,blocked,Source IP is blocked
2025-11-07 14:21:17.555,N/A,N/A,127.0.0.1,127.0.0.1,TCP,59078,6653,0,N/A,blocked,Source IP is blocked
2025-11-07 14:21:17.591,N/A,N/A,127.0.0.1,127.0.0.1,TCP,59079,6653,0,N/A,blocked,Source IP is blocked
2025-11-07 14:21:17.622,N/A,N/A,127.0.0.1,127.0.0.1,TCP,59080,6653,0,N/A,blocked,Source IP is blocked
2025-11-07 14:21:17.652,N/A,N/A,127.0.0.1,127.0.0.1,TCP,59081,6653,0,N/A,blocked,Source IP is blocked
2025-11-07 14:21:17.684,N/A,N/A,127.0.0.1,127.0.0.1,TCP,59082,6653,0,N/A,blocked,Source IP is blocked
2025-11-07 14:21:17.715,N/A,N/A,127.0.0.1,127.0.0.1,TCP,59083,6653,0,N/A,blocked,Source IP is blocked
2025-11-07 14:21:17.746,N/A,N/A,127.0.0.1,127.0.0.1,TCP,59084,6653,0,N/A,blocked,Source IP is blocked
2025-11-07 14:21:17.779,N/A,N/A,127.0.0.1,127.0.0.1,TCP,59085,6653,0,N/A,blocked,Source IP is blocked
2025-11-07 14:21:17.809,N/A,N/A,127.0.0.1,127.0.0.1,TCP,59086,6653,0,N/A,blocked,Source IP is blocked
2025-11-07 14:21:17.840,N/A,N/A,127.0.0.1,127.0.0.1,TCP,59087,6653,0,N/A,blocked,Source IP is blocked
2025-11-07 14:21:17.870,N/A,N/A,127.0.0.1,127.0.0.1,TCP,59088,6653,0,N/A,blocked,Source IP is blocked
2025-11-07 14:21:17.902,N/A,N/A,127.0.0.1,127.0.0.1,TCP,59089,6653,0,N/A,blocked,Source IP is blocked
2025-11-07 14:21:17.913,N/A,N/A,127.0.0.1,127.0.0.1,TCP,59090,6653,0,N/A,blocked,Source IP is blocked
2025-11-07 14:21:17.935,N/A,N/A,127.0.0.1,127.0.0.1,TCP,59091,6653,0,N/A,blocked,Source IP is blocked
2025-11-07 14:21:17.966,N/A,N/A,127.0.0.1,127.0.0.1,TCP,59092,6653,0,N/A,blocked,Source IP is blocked
2025-11-07 14:21:17.996,N/A,N/A,127.0.0.1,127.0.0.1,TCP,59093,6653,0,N/A,blocked,Source IP is blocked
2025-11-07 14:21:18.026,N/A,N/A,127.0.0.1,127.0.0.1,TCP,59094,6653,0,N/A,blocked,Source IP is blocked
2025-11-07 14:21:18.059,N/A,N/A,127.0.0.1,127.0.0.1,TCP,59095,6653,0,N/A,blocked,Source IP is blocked
2025-11-07 14:21:18.089,N/A,N/A,127.0.0.1,127.0.0.1,TCP,59096,6653,0,N/A,blocked,Source IP is blocked
2025-11-07 14:21:18.120,N/A,N/A,127.0.0.1,127.0.0.1,TCP,59097,6653,0,N/A,blocked,Source IP is blocked
2025-11-07 14:21:18.152,N/A,N/A,127.0.0.1,127.0.0.1,TCP,59098,6653,0,N/A,blocked,Source IP is blocked
2025-11-07 14:21:18.183,N/A,N/A,127.0.0.1,127.0.0.1,TCP,59099,6653,0,N/A,blocked,Source IP is blocked
2025-11-07 14:21:18.215,N/A,N/A,127.0.0.1,127.0.0.1,TCP,59100,6653,0,N/A,blocked,Source IP is blocked
2025-11-07 14:21:18.247,N/A,N/A,127.0.0.1,127.0.0.1,TCP,59101,6653,0,N/A,blocked,Source IP is blocked
2025-11-07 14:21:18.279,N/A,N/A,127.0.0.1,127.0.0.1,TCP,59102,6653,0,N/A,blocked,Source IP is blocked
2025-11-07 14:21:18.309,N/A,N/A,127.0.0.1,127.0.0.1,TCP,59103,6653,0,N/A,blocked,Source IP is blocked
